USE typhon_cath_crm;

INSERT INTO roles (role_name, description) VALUES
('Super Admin', 'Full system access'),
('Admin', 'Administrative CRM access'),
('Sales User', 'Customer and RFQ pipeline access'),
('Marketing User', 'Campaign management access'),
('Inventory Manager', 'Product and inventory access');

-- Demo password should be replaced with a real password_hash generated by password_hash().
INSERT INTO users (name, email, password_hash, role_id) VALUES
('Demo Admin', 'admin@typhoncath.test', '$2y$10$replace_with_real_hash', 1);

INSERT INTO accounts (account_name, email, phone, industry, source, tags) VALUES
('Demo Hospital', 'contact@demohospital.test', '555-0100', 'Healthcare', 'Seed Data', 'hospital,prospect');

INSERT INTO products (product_name, sku, price, description) VALUES
('Typhon Catheter Demo Product', 'TYPHON-DEMO-001', 499.00, 'Demo product for CRM inventory.');

INSERT INTO inventory (product_id, available_quantity, reserved_quantity) VALUES
(1, 100, 0);

-- ── Additional accounts ───────────────────────────────
INSERT INTO accounts (account_name, email, phone, industry, source, tags) VALUES
('City Medical Center',        'procurement@citymed.test',      '555-0201', 'Healthcare', 'Seed Data', 'hospital,active'),
('Regional Heart Institute',   'supply@heartinstitute.test',    '555-0202', 'Cardiology', 'Seed Data', 'specialist,prospect'),
('St. Luke\'s Hospital',       'orders@stlukes.test',           '555-0203', 'Healthcare', 'Seed Data', 'hospital,active'),
('Northwest Cardiology Group', 'purchasing@nwcardio.test',      '555-0204', 'Cardiology', 'Seed Data', 'specialist,active'),
('Valley General Hospital',    'supply@valleygeneral.test',     '555-0205', 'Healthcare', 'Seed Data', 'hospital,prospect');

-- ── Contacts ──────────────────────────────────────────
INSERT INTO contacts (account_id, first_name, last_name, email, phone, title) VALUES
(1, 'Sandra', 'Lee',     'slee@demohospital.test',      '555-1001', 'Procurement Manager'),
(2, 'James',  'Ortega',  'jortega@citymed.test',        '555-1002', 'Supply Chain Director'),
(3, 'Maria',  'Chen',    'mchen@heartinstitute.test',   '555-1003', 'Purchasing Lead'),
(4, 'David',  'Park',    'dpark@stlukes.test',          '555-1004', 'Operations Manager'),
(5, 'Rachel', 'Torres',  'rtorres@nwcardio.test',       '555-1005', 'Procurement Officer'),
(6, 'Kevin',  'Nguyen',  'knguyen@valleygeneral.test',  '555-1006', 'Supply Coordinator');

-- ── RFQs across all stages ────────────────────────────
-- New (recent)
INSERT INTO rfqs (account_id, contact_id, created_by_user_id, title, description, stage, created_at) VALUES
(1, 1, 1, 'Q3 Catheter Supply Request',    'Standard quarterly reorder for ICU ward.',            'New', '2026-06-17 09:00:00'),
(2, 2, 1, 'ICU Catheter Bulk Order',       'Bulk order for new ICU expansion unit.',              'New', '2026-06-15 10:30:00'),
(3, 3, 1, 'Hybrid OR Catheter Kit',        'Specialty kit for new hybrid operating room.',        'New', '2026-06-18 14:00:00'),

-- In Review
(3, 3, 1, 'Cardiac Catheter Package',      'Annual package for cath lab procedures.',             'In Review', '2026-06-05 08:00:00'),
(4, 4, 1, 'Annual Contract Renewal',       'Renewal of 2025 catheter supply contract.',           'In Review', '2026-06-08 11:00:00'),
(6, 6, 1, 'Emergency Supply Order',        'Urgent restock following inventory shortage.',        'In Review', '2026-06-01 09:30:00'),

-- Quoted (expiring soon + one overdue)
(5, 5, 1, 'Coronary Catheter Bundle',      'Discounted bundle for coronary procedures.',          'Quoted', '2026-05-10 09:00:00'),
(6, 6, 1, 'Pediatric Catheter Order',      'Pediatric sizing range for new ward.',                'Quoted', '2026-05-20 13:00:00'),
(1, 1, 1, 'Catheter Consumables Q2',       'Consumables top-up order.',                           'Quoted', '2026-05-01 10:00:00'),

-- Negotiation
(2, 2, 1, 'Multi-site Supply Agreement',   'Agreement covering three City Medical locations.',    'Negotiation', '2026-04-28 08:00:00'),
(3, 3, 1, 'Annual Volume Deal',            'Volume pricing negotiation for full-year supply.',    'Negotiation', '2026-04-20 09:00:00'),

-- Won
(4, 4, 1, 'Catheter Supply Contract 2026', 'Signed annual supply contract.',                      'Won',  '2026-02-10 09:00:00'),
(5, 5, 1, 'Specialty Catheter Package',    'Specialty package for cardiology department.',        'Won',  '2026-03-05 10:00:00'),

-- Lost
(6, 6, 1, 'Budget Catheter Tender',        'Lost to lower-cost competitor.',                      'Lost', '2026-01-15 09:00:00'),
(1, 1, 1, 'Pilot Program Order',           'Pilot declined — customer paused procurement.',       'Lost', '2026-02-20 11:00:00');

-- ── Quotes ────────────────────────────────────────────
-- rfq 7 (Quoted, expiring in 3 days: 2026-06-22)
INSERT INTO quotes (rfq_id, quote_amount, discount, validity_start_date, validity_end_date) VALUES
(7,  45000.00,  5.00, '2026-06-01', '2026-06-22'),

-- rfq 8 (Quoted, expiring in 2 days: 2026-06-21)
(8,  12500.00,  0.00, '2026-06-05', '2026-06-21'),

-- rfq 9 (Quoted, OVERDUE — expired 5 days ago: 2026-06-14)
(9,  78000.00,  8.00, '2026-05-15', '2026-06-14'),

-- rfq 10 (Negotiation, expiring in 21 days)
(10, 220000.00, 10.00, '2026-06-10', '2026-07-10'),

-- rfq 11 (Negotiation, expiring in 5 days: 2026-06-24)
(11,  95000.00,  7.00, '2026-06-01', '2026-06-24'),

-- rfq 12 (Won)
(12, 135000.00,  5.00, '2026-04-01', '2026-05-01'),

-- rfq 13 (Won)
(13,  67500.00,  3.00, '2026-03-15', '2026-04-15'),

-- rfq 14 (Lost)
(14,  28000.00,  2.00, '2026-02-01', '2026-03-01'),

-- rfq 15 (Lost)
(15,  15000.00,  0.00, '2026-01-15', '2026-02-15');
